{
  "schema": "AMMC-Gen5/sparse-adjacency",
  "version": 1,
  "organism_id": "Gen5Champion",
  "fitness": 24.0,
  "neuron_count": 16,
  "active_edges": 88,
  "columns": [
    "source_index",
    "target_index",
    "ltw",
    "stw",
    "sign",
    "delay_steps",
    "slot"
  ],
  "rows": [
    [
      1,
      12,
      0.09139534085988998,
      0.0,
      -1.0,
      16,
      1
    ],
    [
      6,
      13,
      0.012639118358492851,
      0.0,
      -1.0,
      24,
      5
    ],
    [
      7,
      14,
      0.19001644849777222,
      0.0,
      -1.0,
      27,
      8
    ],
    [
      7,
      11,
      0.2498822957277298,
      0.0,
      1.0,
      34,
      11
    ],
    [
      9,
      14,
      0.03078690730035305,
      0.0,
      1.0,
      14,
      12
    ],
    [
      11,
      2,
      0.2065470963716507,
      0.0,
      1.0,
      60,
      14
    ],
    [
      12,
      5,
      0.004735936876386404,
      0.0,
      1.0,
      38,
      18
    ],
    [
      12,
      13,
      0.047777652740478516,
      0.0,
      1.0,
      12,
      19
    ],
    [
      5,
      13,
      0.1389637589454651,
      0.0,
      -1.0,
      34,
      20
    ],
    [
      2,
      14,
      0.01903351955115795,
      0.0,
      1.0,
      32,
      21
    ],
    [
      7,
      3,
      0.06511180102825165,
      0.0,
      1.0,
      23,
      22
    ],
    [
      14,
      13,
      0.04069048538804054,
      0.0,
      1.0,
      3,
      24
    ],
    [
      2,
      9,
      0.09498673677444458,
      0.0,
      1.0,
      12,
      25
    ],
    [
      2,
      6,
      0.14868149161338806,
      0.0,
      -1.0,
      30,
      26
    ],
    [
      14,
      8,
      0.1661594808101654,
      0.0,
      1.0,
      37,
      27
    ],
    [
      4,
      12,
      0.037807270884513855,
      0.0,
      -1.0,
      18,
      29
    ],
    [
      11,
      0,
      0.22705954313278198,
      0.0,
      1.0,
      27,
      31
    ],
    [
      3,
      11,
      0.16427145898342133,
      0.0,
      1.0,
      42,
      32
    ],
    [
      0,
      9,
      0.016348758712410927,
      0.0,
      1.0,
      28,
      33
    ],
    [
      4,
      13,
      0.10163340717554092,
      0.0,
      -1.0,
      10,
      35
    ],
    [
      5,
      12,
      0.0696924477815628,
      0.0,
      1.0,
      50,
      36
    ],
    [
      8,
      14,
      0.13478107750415802,
      0.0,
      1.0,
      14,
      37
    ],
    [
      2,
      0,
      0.10998734086751938,
      0.0,
      1.0,
      57,
      38
    ],
    [
      10,
      6,
      0.11791861802339554,
      0.0,
      1.0,
      44,
      39
    ],
    [
      12,
      11,
      0.0,
      0.0,
      1.0,
      11,
      41
    ],
    [
      7,
      8,
      0.1346222311258316,
      0.0,
      1.0,
      13,
      42
    ],
    [
      9,
      10,
      0.537217378616333,
      0.0,
      1.0,
      3,
      43
    ],
    [
      14,
      11,
      0.0,
      0.0,
      1.0,
      7,
      44
    ],
    [
      0,
      9,
      0.10049678385257721,
      0.0,
      1.0,
      31,
      46
    ],
    [
      15,
      10,
      0.06896542012691498,
      0.0,
      1.0,
      58,
      47
    ],
    [
      7,
      9,
      0.11840971559286118,
      0.0,
      1.0,
      64,
      48
    ],
    [
      13,
      15,
      0.29989689588546753,
      0.0,
      1.0,
      45,
      49
    ],
    [
      7,
      0,
      0.030751513317227364,
      0.0,
      1.0,
      38,
      50
    ],
    [
      3,
      13,
      0.0,
      0.0,
      1.0,
      47,
      51
    ],
    [
      5,
      3,
      0.018524304032325745,
      0.0,
      1.0,
      44,
      52
    ],
    [
      15,
      10,
      0.05000000074505806,
      0.0,
      -1.0,
      23,
      53
    ],
    [
      12,
      13,
      0.1526605635881424,
      0.0,
      1.0,
      25,
      54
    ],
    [
      7,
      8,
      0.05526319146156311,
      0.0,
      1.0,
      47,
      55
    ],
    [
      7,
      6,
      0.042724609375,
      0.0,
      1.0,
      46,
      56
    ],
    [
      3,
      8,
      0.007749841548502445,
      0.0,
      -1.0,
      49,
      57
    ],
    [
      1,
      5,
      0.15469083189964294,
      0.0,
      1.0,
      23,
      58
    ],
    [
      9,
      11,
      0.16628408432006836,
      0.0,
      1.0,
      57,
      60
    ],
    [
      0,
      6,
      0.11673805117607117,
      0.0,
      1.0,
      51,
      62
    ],
    [
      6,
      9,
      0.05899661406874657,
      0.0,
      1.0,
      17,
      65
    ],
    [
      5,
      4,
      0.0,
      0.0,
      1.0,
      56,
      66
    ],
    [
      3,
      11,
      0.016344638541340828,
      0.0,
      1.0,
      28,
      67
    ],
    [
      15,
      7,
      0.0,
      0.0,
      1.0,
      17,
      68
    ],
    [
      14,
      7,
      0.1764894276857376,
      0.0,
      1.0,
      16,
      69
    ],
    [
      13,
      3,
      0.26559484004974365,
      0.0,
      1.0,
      21,
      70
    ],
    [
      8,
      15,
      0.46241870522499084,
      0.0,
      1.0,
      14,
      71
    ],
    [
      0,
      4,
      0.029142286628484726,
      0.0,
      1.0,
      58,
      74
    ],
    [
      12,
      0,
      0.04940467327833176,
      0.0,
      1.0,
      22,
      77
    ],
    [
      6,
      13,
      0.010818678885698318,
      0.0,
      1.0,
      52,
      78
    ],
    [
      12,
      4,
      0.24876144528388977,
      0.0,
      -1.0,
      24,
      80
    ],
    [
      8,
      9,
      0.06066343933343887,
      0.0,
      1.0,
      28,
      81
    ],
    [
      0,
      3,
      0.0036597251892089844,
      0.0,
      -1.0,
      26,
      82
    ],
    [
      3,
      4,
      0.023860137909650803,
      0.0,
      1.0,
      30,
      84
    ],
    [
      14,
      8,
      0.09224391728639603,
      0.0,
      1.0,
      32,
      85
    ],
    [
      4,
      12,
      0.20107501745224,
      0.0,
      1.0,
      61,
      87
    ],
    [
      8,
      10,
      0.007528356276452541,
      0.0,
      -1.0,
      52,
      88
    ],
    [
      11,
      3,
      0.14873607456684113,
      0.0,
      -1.0,
      14,
      89
    ],
    [
      2,
      10,
      0.009869610890746117,
      0.0,
      1.0,
      33,
      91
    ],
    [
      6,
      15,
      0.09908820688724518,
      0.0,
      -1.0,
      16,
      92
    ],
    [
      3,
      6,
      0.018956100568175316,
      0.0,
      1.0,
      39,
      93
    ],
    [
      5,
      14,
      0.0,
      0.0,
      1.0,
      51,
      95
    ],
    [
      1,
      12,
      0.17016468942165375,
      0.0,
      1.0,
      0,
      96
    ],
    [
      12,
      7,
      0.14139780402183533,
      0.0,
      -1.0,
      46,
      97
    ],
    [
      10,
      7,
      0.0013827495276927948,
      0.0,
      1.0,
      22,
      98
    ],
    [
      6,
      10,
      0.11911419034004211,
      0.0,
      -1.0,
      54,
      99
    ],
    [
      4,
      7,
      0.0,
      0.0,
      -1.0,
      44,
      100
    ],
    [
      4,
      9,
      0.008367538452148438,
      0.0,
      1.0,
      15,
      102
    ],
    [
      12,
      2,
      0.05430829897522926,
      0.0,
      1.0,
      64,
      103
    ],
    [
      10,
      9,
      0.10311102867126465,
      0.0,
      1.0,
      14,
      105
    ],
    [
      13,
      8,
      0.08841796964406967,
      0.0,
      1.0,
      36,
      107
    ],
    [
      1,
      15,
      0.0,
      0.0,
      1.0,
      48,
      109
    ],
    [
      7,
      15,
      0.358124315738678,
      0.0,
      -1.0,
      33,
      111
    ],
    [
      1,
      9,
      0.03488406538963318,
      0.0,
      1.0,
      29,
      112
    ],
    [
      13,
      4,
      0.0748581811785698,
      0.0,
      1.0,
      13,
      114
    ],
    [
      7,
      12,
